<?xml version="1.0" encoding="UTF-8"?>
<!DOCTYPE module PUBLIC "-//Puppy Crawl//DTD Check Configuration 1.3//EN" "http://www.puppycrawl.com/dtds/configuration_1_3.dtd">
<module name="Checker">
  <property name="severity" value="error" />

  <!-- Check each Java file for violations. -->
  <module name="TreeWalker">

    <!-- Check style of Javadoc comments -->
    <module name="JavadocStyle">
      <property name="scope" value="private" />
      <property name="checkEmptyJavadoc" value="true" />
      <property name="checkFirstSentence" value="false" />
    </module>

    <!-- Checks Javadoc comments for class and interface definitions. -->
    <module name="JavadocType">
      <property name="scope" value="public" />
      <property name="authorFormat" value="(marcoortolani|\d{8})"/>
      <message key="type.tagFormat" value="Author format is incorrect! Expected 'marcoortolani' or your 8-digit Keele ID." />
    </module>

    <module name="MissingJavadocType">
      <property name="scope" value="protected" />
    </module>

    <module name="MissingJavadocMethod">
      <property name="scope" value="protected" />
      <property name="allowMissingPropertyJavadoc" value="true" />
      <property name="ignoreMethodNamesRegex" value="main" />
    </module>

  </module>
</module>